<?xml version="1.0" encoding="UTF-8"?>

<MCU>

    <AVR>

		<Mega id="c32">
            <displayName>AT90CAN32</displayName>
			<partNumber>AT90CAN32</partNumber>
			<signature>1e9581</signature>
            <flash>32768</flash>
            <flashPage>256</flashPage>
            <EEPROM>1024</EEPROM>
            <RAM>2048</RAM>
            <fuseBytes>3</fuseBytes>
            <eraseDelay>10</eraseDelay>
            <flashWriteDelay>5</flashWriteDelay>
            <EEPROMDelay>10</EEPROMDelay>
            <fuseDelay>5</fuseDelay>
        </Mega>
		
		<Mega id="c64">
            <displayName>AT90CAN64</displayName>
			<partNumber>AT90CAN64</partNumber>
			<signature>1e9681</signature>
            <flash>65536</flash>
            <flashPage>256</flashPage>
            <EEPROM>2048</EEPROM>
            <RAM>4096</RAM>
            <fuseBytes>3</fuseBytes>
            <eraseDelay>10</eraseDelay>
            <flashWriteDelay>5</flashWriteDelay>
            <EEPROMDelay>10</EEPROMDelay>
            <fuseDelay>5</fuseDelay>
        </Mega>

		<Mega id="c128">
            <displayName>AT90CAN128</displayName>
			<partNumber>AT90CAN128</partNumber>
			<signature>1e9781</signature>
            <flash>131072</flash>
            <flashPage>256</flashPage>
            <EEPROM>4096</EEPROM>
            <RAM>4096</RAM>
            <fuseBytes>3</fuseBytes>
            <eraseDelay>10</eraseDelay>
            <flashWriteDelay>5</flashWriteDelay>
            <EEPROMDelay>10</EEPROMDelay>
            <fuseDelay>5</fuseDelay>
        </Mega>
		
		<Mega id="pwm1">
            <displayName>AT90PWM1</displayName>
			<partNumber>AT90PWM1</partNumber>
			<signature>1e9383</signature>
            <flash>8192</flash>
            <flashPage>64</flashPage>
            <EEPROM>512</EEPROM>
            <RAM>512</RAM>
            <fuseBytes>3</fuseBytes>
            <eraseDelay>10</eraseDelay>
            <flashWriteDelay>5</flashWriteDelay>
            <EEPROMDelay>4</EEPROMDelay>
            <fuseDelay>5</fuseDelay>
        </Mega>
		
		<Mega id="pwm81">
            <displayName>AT90PWM81</displayName>
			<partNumber>AT90PWM81</partNumber>
			<signature>1e9388</signature>
            <flash>8192</flash>
            <flashPage>64</flashPage>
            <EEPROM>512</EEPROM>
            <RAM>256</RAM>
            <fuseBytes>3</fuseBytes>
            <eraseDelay>10</eraseDelay>
            <flashWriteDelay>5</flashWriteDelay>
            <EEPROMDelay>4</EEPROMDelay>
            <fuseDelay>5</fuseDelay>
        </Mega>
		
		<Mega id="pwm161">
            <displayName>AT90PWM161</displayName>
			<partNumber>AT90PWM161</partNumber>
			<signature>1e948B</signature>
            <flash>16384</flash>
            <flashPage>128</flashPage>
            <EEPROM>512</EEPROM>
            <RAM>1024</RAM>
            <fuseBytes>3</fuseBytes>
            <eraseDelay>10</eraseDelay>
            <flashWriteDelay>5</flashWriteDelay>
            <EEPROMDelay>4</EEPROMDelay>
            <fuseDelay>5</fuseDelay>
        </Mega>
		
		<Mega id="pwm216">
            <displayName>AT90PWM216(316)</displayName>
			<partNumber>AT90PWM216</partNumber>
			<partNumber>AT90PWM316</partNumber>
			<signature>1e9483</signature>
            <flash>16384</flash>
            <flashPage>128</flashPage>
            <EEPROM>512</EEPROM>
            <RAM>1024</RAM>
            <fuseBytes>3</fuseBytes>
            <eraseDelay>10</eraseDelay>
            <flashWriteDelay>5</flashWriteDelay>
            <EEPROMDelay>4</EEPROMDelay>
            <fuseDelay>5</fuseDelay>
        </Mega>
		
		<Mega id="pwm2">
            <displayName>AT90PWM2(3)</displayName>
			<partNumber>AT90PWM2</partNumber>
			<partNumber>AT90PWM3</partNumber>
			<signature>1e9381</signature>
            <flash>8192</flash>
            <flashPage>64</flashPage>
            <EEPROM>512</EEPROM>
            <RAM>512</RAM>
            <fuseBytes>3</fuseBytes>
            <eraseDelay>10</eraseDelay>
            <flashWriteDelay>5</flashWriteDelay>
            <EEPROMDelay>4</EEPROMDelay>
            <fuseDelay>5</fuseDelay>
        </Mega>
		
		<Mega id="pwm2b">
            <displayName>AT90PWM2B(3B)</displayName>
			<partNumber>AT90PWM2B</partNumber>
			<partNumber>AT90PWM3B</partNumber>
			<signature>1e9383</signature>
            <flash>8192</flash>
            <flashPage>64</flashPage>
            <EEPROM>512</EEPROM>
            <RAM>512</RAM>
            <fuseBytes>3</fuseBytes>
            <eraseDelay>10</eraseDelay>
            <flashWriteDelay>5</flashWriteDelay>
            <EEPROMDelay>4</EEPROMDelay>
            <fuseDelay>5</fuseDelay>
        </Mega>
		
		<Mega id="usb82">
            <displayName>AT90USB82</displayName>
			<partNumber>AT90USB82</partNumber>
			<signature>1e9382</signature>
            <flash>8192</flash>
            <flashPage>128</flashPage>
            <EEPROM>512</EEPROM>
            <RAM>512</RAM>
            <fuseBytes>3</fuseBytes>
            <eraseDelay>10</eraseDelay>
            <flashWriteDelay>5</flashWriteDelay>
            <EEPROMDelay>10</EEPROMDelay>
            <fuseDelay>10</fuseDelay>
        </Mega>
		
		<Mega id="usb162">
            <displayName>AT90USB162</displayName>
			<partNumber>AT90USB162</partNumber>
			<signature>1e9482</signature>
            <flash>16384</flash>
            <flashPage>128</flashPage>
            <EEPROM>512</EEPROM>
            <RAM>512</RAM>
            <fuseBytes>3</fuseBytes>
            <eraseDelay>10</eraseDelay>
            <flashWriteDelay>5</flashWriteDelay>
            <EEPROMDelay>10</EEPROMDelay>
            <fuseDelay>10</fuseDelay>
        </Mega>
		
		<Mega id="usb646">
            <displayName>AT90USB646(647)</displayName>
			<partNumber>AT90USB646</partNumber>
			<partNumber>AT90USB647</partNumber>
			<signature>1e9682</signature>
            <flash>65536</flash>
            <flashPage>256</flashPage>
            <EEPROM>2048</EEPROM>
            <RAM>4096</RAM>
            <fuseBytes>3</fuseBytes>
            <eraseDelay>10</eraseDelay>
            <flashWriteDelay>5</flashWriteDelay>
            <EEPROMDelay>10</EEPROMDelay>
            <fuseDelay>10</fuseDelay>
        </Mega>
		
		<Mega id="usb1286">
            <displayName>AT90USB1286(1287)</displayName>
			<partNumber>AT90USB1286</partNumber>
			<partNumber>AT90USB1287</partNumber>
			<signature>1e9782</signature>
            <flash>131072</flash>
            <flashPage>256</flashPage>
            <EEPROM>4096</EEPROM>
            <RAM>8192</RAM>
            <fuseBytes>3</fuseBytes>
            <eraseDelay>10</eraseDelay>
            <flashWriteDelay>5</flashWriteDelay>
            <EEPROMDelay>10</EEPROMDelay>
            <fuseDelay>10</fuseDelay>
        </Mega>
		
        <Mega id="m48">
            <displayName>ATmega48(A)(V)</displayName>
			<partNumber>ATmega48</partNumber>
			<partNumber>ATmega48A</partNumber>
			<partNumber>ATmega48V</partNumber>
            <signature>1e9205</signature>
            <flash>4096</flash>
            <flashPage>64</flashPage>
            <EEPROM>256</EEPROM>
            <RAM>512</RAM>
            <fuseBytes>3</fuseBytes>
            <eraseDelay>11</eraseDelay>
            <flashWriteDelay>5</flashWriteDelay>
            <EEPROMDelay>4</EEPROMDelay>
            <fuseDelay>5</fuseDelay>
        </Mega>

        <Mega id="m48p">
            <displayName>ATmega48P(PA)(PV)</displayName>
			<partNumber>ATmega48P</partNumber>
			<partNumber>ATmega48PA</partNumber>
			<partNumber>ATmega48PV</partNumber>
            <signature>1e920a</signature>
            <flash>4096</flash>
            <flashPage>64</flashPage>
            <EEPROM>256</EEPROM>
            <RAM>512</RAM>
            <fuseBytes>3</fuseBytes>
            <eraseDelay>11</eraseDelay>
            <flashWriteDelay>5</flashWriteDelay>
            <EEPROMDelay>4</EEPROMDelay>
            <fuseDelay>5</fuseDelay>
        </Mega>

        <Mega id="m48pb">
			<displayName>ATmega48PB</displayName>
            <partNumber>ATmega48PB</partNumber>
            <signature>1e9210</signature>
            <flash>4096</flash>
            <flashPage>64</flashPage>
            <EEPROM>256</EEPROM>
            <RAM>512</RAM>
            <fuseBytes>3</fuseBytes>
            <eraseDelay>11</eraseDelay>
            <flashWriteDelay>3</flashWriteDelay>
            <EEPROMDelay>4</EEPROMDelay>
            <fuseDelay>5</fuseDelay>
        </Mega>

        <Mega id="m8515">
            <displayName>ATmega8515(L)</displayName>
			<partNumber>ATmega8515</partNumber>
			<partNumber>ATmega8515L</partNumber>
            <signature>1e9306</signature>
            <flash>8192</flash>
            <flashPage>64</flashPage>
            <EEPROM>512</EEPROM>
            <RAM>512</RAM>
            <fuseBytes>2</fuseBytes>
            <eraseDelay>10</eraseDelay>
            <flashWriteDelay>5</flashWriteDelay>
            <EEPROMDelay>10</EEPROMDelay>
            <fuseDelay>5</fuseDelay>
        </Mega>

        <Mega id="m8">
            <displayName>ATmega8(L)(A)</displayName>
			<partNumber>ATmega8</partNumber>
			<partNumber>ATmega8L</partNumber>
			<partNumber>ATmega8A</partNumber>
            <signature>1e9307</signature>
            <flash>8192</flash>
            <flashPage>64</flashPage>
            <EEPROM>512</EEPROM>
            <RAM>1024</RAM>
            <fuseBytes>2</fuseBytes>
            <eraseDelay>10</eraseDelay>
            <flashWriteDelay>5</flashWriteDelay>
            <EEPROMDelay>10</EEPROMDelay>
            <fuseDelay>5</fuseDelay>
        </Mega>

        <Mega id="m8535">
            <displayName>ATmega8535(L)</displayName>
			<partNumber>ATmega8535</partNumber>
			<partNumber>ATmega8535L</partNumber>
            <signature>1e9308</signature>
            <flash>8192</flash>
            <flashPage>64</flashPage>
            <EEPROM>512</EEPROM>
            <RAM>512</RAM>
            <fuseBytes>2</fuseBytes>
            <eraseDelay>10</eraseDelay>
            <flashWriteDelay>5</flashWriteDelay>
            <EEPROMDelay>10</EEPROMDelay>
            <fuseDelay>5</fuseDelay>
        </Mega>
		
		<Mega id="m88">
            <displayName>ATmega88(A)(V)</displayName>
			<partNumber>ATmega88</partNumber>
			<partNumber>ATmega88A</partNumber>
			<partNumber>ATmega88V</partNumber>
            <signature>1e930a</signature>
            <flash>8192</flash>
            <flashPage>64</flashPage>
            <EEPROM>512</EEPROM>
            <RAM>1024</RAM>
            <fuseBytes>3</fuseBytes>
            <eraseDelay>11</eraseDelay>
            <flashWriteDelay>5</flashWriteDelay>
            <EEPROMDelay>4</EEPROMDelay>
            <fuseDelay>5</fuseDelay>
        </Mega>

        <Mega id="m88p">
            <displayName>ATmega88P(PA)(PV)</displayName>
			<partNumber>ATmega88P</partNumber>
			<partNumber>ATmega88PA</partNumber>
			<partNumber>ATmega88PV</partNumber>
            <signature>1e930f</signature>
            <flash>8192</flash>
            <flashPage>64</flashPage>
            <EEPROM>512</EEPROM>
            <RAM>1024</RAM>
            <fuseBytes>3</fuseBytes>
            <eraseDelay>11</eraseDelay>
            <flashWriteDelay>5</flashWriteDelay>
            <EEPROMDelay>4</EEPROMDelay>
            <fuseDelay>5</fuseDelay>
        </Mega>

		<Mega id="m8hva">
            <displayName>ATmega8HVA</displayName>
			<partNumber>ATmega8HVA</partNumber>
			<signature>1e9310</signature>
            <flash>8192</flash>
            <flashPage>128</flashPage>
            <EEPROM>256</EEPROM>
            <RAM>512</RAM>
            <fuseBytes>3</fuseBytes>
            <eraseDelay>5</eraseDelay>
            <flashWriteDelay>5</flashWriteDelay>
            <EEPROMDelay>5</EEPROMDelay>
            <fuseDelay>5</fuseDelay>
        </Mega>
		
        <Mega id="m88pb">
			<displayName>ATmega88PB</displayName>
            <partNumber>ATmega88PB</partNumber>
            <signature>1e9316</signature>
            <flash>8192</flash>
            <flashPage>64</flashPage>
            <EEPROM>512</EEPROM>
            <RAM>1024</RAM>
            <fuseBytes>3</fuseBytes>
            <eraseDelay>11</eraseDelay>
            <flashWriteDelay>3</flashWriteDelay>
            <EEPROMDelay>4</EEPROMDelay>
            <fuseDelay>5</fuseDelay>
        </Mega>

        <Mega id="m8u2">
			<displayName>ATmega8U2</displayName>
            <partNumber>ATmega8U2</partNumber>
            <signature>1e9389</signature>
            <flash>8192</flash>
            <flashPage>64</flashPage>
            <EEPROM>512</EEPROM>
            <RAM>512</RAM>
            <fuseBytes>3</fuseBytes>
            <eraseDelay>10</eraseDelay>
            <flashWriteDelay>5</flashWriteDelay>
            <EEPROMDelay>10</EEPROMDelay>
            <fuseDelay>5</fuseDelay>
        </Mega>

        <Mega id="m161">
            <displayName>ATmega161(L)</displayName>
			<partNumber>ATmega161</partNumber>
			<partNumber>ATmega161L</partNumber>
            <signature>1e9401</signature>
            <flash>16384</flash>
            <flashPage>128</flashPage>
            <EEPROM>512</EEPROM>
            <RAM>1024</RAM>
            <fuseBytes>1</fuseBytes>
            <eraseDelay>30</eraseDelay>
            <flashWriteDelay>15</flashWriteDelay>
            <EEPROMDelay>4</EEPROMDelay>
            <fuseDelay>5</fuseDelay>
        </Mega>

        <Mega id="m163">
            <displayName>ATmega163(L)</displayName>
			<partNumber>ATmega163</partNumber>
			<partNumber>ATmega163L</partNumber>
            <signature>1e9402</signature>
            <flash>16384</flash>
            <flashPage>128</flashPage>
            <EEPROM>512</EEPROM>
            <RAM>1024</RAM>
            <fuseBytes>2</fuseBytes>
            <eraseDelay>33</eraseDelay>
            <flashWriteDelay>17</flashWriteDelay>
            <EEPROMDelay>5</EEPROMDelay>
            <fuseDelay>3</fuseDelay>
        </Mega>

        <Mega id="m16">
            <displayName>ATmega16(L)(A)</displayName>
			<partNumber>ATmega16</partNumber>
			<partNumber>ATmega16L</partNumber>
			<partNumber>ATmega16A</partNumber>
            <signature>1e9403</signature>
            <flash>16384</flash>
            <flashPage>128</flashPage>
            <EEPROM>512</EEPROM>
            <RAM>1024</RAM>
            <fuseBytes>2</fuseBytes>
            <eraseDelay>10</eraseDelay>
            <flashWriteDelay>5</flashWriteDelay>
            <EEPROMDelay>10</EEPROMDelay>
            <fuseDelay>5</fuseDelay>
        </Mega>

        <Mega id="m162">
            <displayName>ATmega162(V)</displayName>
			<partNumber>ATmega162</partNumber>
			<partNumber>ATmega162V</partNumber>
            <signature>1e9404</signature>
            <flash>16384</flash>
            <flashPage>128</flashPage>
            <EEPROM>512</EEPROM>
            <RAM>1024</RAM>
            <fuseBytes>3</fuseBytes>
            <eraseDelay>10</eraseDelay>
            <flashWriteDelay>5</flashWriteDelay>
            <EEPROMDelay>10</EEPROMDelay>
            <fuseDelay>5</fuseDelay>
        </Mega>

        <Mega id="m169">
            <displayName>ATmega169(P)(V)(PA)(PV)</displayName>
			<partNumber>ATmega169</partNumber>
			<partNumber>ATmega169P</partNumber>
			<partNumber>ATmega169V</partNumber>
			<partNumber>ATmega169PA</partNumber>
			<partNumber>ATmega169PV</partNumber>
            <signature>1e9405</signature>
            <flash>16384</flash>
            <flashPage>128</flashPage>
            <EEPROM>512</EEPROM>
            <RAM>1024</RAM>
            <fuseBytes>3</fuseBytes>
            <eraseDelay>10</eraseDelay>
            <flashWriteDelay>5</flashWriteDelay>
            <EEPROMDelay>10</EEPROMDelay>
            <fuseDelay>5</fuseDelay>
        </Mega>

        <Mega id="m168">
            <displayName>ATmega168(A)(V)</displayName>
			<partNumber>ATmega168</partNumber>
			<partNumber>ATmega168A</partNumber>
			<partNumber>ATmega168V</partNumber>
            <signature>1e9406</signature>
            <flash>16384</flash>
            <flashPage>128</flashPage>
            <EEPROM>512</EEPROM>
            <RAM>1024</RAM>
            <fuseBytes>3</fuseBytes>
            <eraseDelay>11</eraseDelay>
            <flashWriteDelay>5</flashWriteDelay>
            <EEPROMDelay>4</EEPROMDelay>
            <fuseDelay>5</fuseDelay>
        </Mega>

        <Mega id="m165p">
            <displayName>ATmega165P(PA)(PV)</displayName>
			<partNumber>ATmega165P</partNumber>
			<partNumber>ATmega165PA</partNumber>
			<partNumber>ATmega165PV</partNumber>
            <signature>1e9407</signature>
            <flash>16384</flash>
            <flashPage>128</flashPage>
            <EEPROM>512</EEPROM>
            <RAM>1024</RAM>
            <fuseBytes>3</fuseBytes>
            <eraseDelay>10</eraseDelay>
            <flashWriteDelay>5</flashWriteDelay>
            <EEPROMDelay>5</EEPROMDelay>
            <fuseDelay>5</fuseDelay>
        </Mega>

        <Mega id="m164p">
            <displayName>ATmega164P(PA)(P-B)(V)</displayName>
			<partNumber>ATmega164P</partNumber>
			<partNumber>ATmega164PA</partNumber>
			<partNumber>ATmega164P-B</partNumber>
			<partNumber>ATmega164V</partNumber>
            <signature>1e940a</signature>
            <flash>16384</flash>
            <flashPage>128</flashPage>
            <EEPROM>512</EEPROM>
            <RAM>1024</RAM>
            <fuseBytes>3</fuseBytes>
            <eraseDelay>11</eraseDelay>
            <flashWriteDelay>5</flashWriteDelay>
            <EEPROMDelay>5</EEPROMDelay>
            <fuseDelay>5</fuseDelay>
        </Mega>

        <Mega id="m168p">
            <displayName>ATmega168P(PA)(PV)</displayName>
			<partNumber>ATmega168P</partNumber>
			<partNumber>ATmega168PA</partNumber>
			<partNumber>ATmega168PV</partNumber>
            <signature>1e940b</signature>
            <flash>16384</flash>
            <flashPage>128</flashPage>
            <EEPROM>512</EEPROM>
            <RAM>1024</RAM>
            <fuseBytes>3</fuseBytes>
            <eraseDelay>11</eraseDelay>
            <flashWriteDelay>5</flashWriteDelay>
            <EEPROMDelay>4</EEPROMDelay>
            <fuseDelay>5</fuseDelay>
        </Mega>

		<Mega id="m16hva">
			<displayName>ATmega16HVA</displayName>
            <partNumber>ATmega16HVA</partNumber>
            <signature>1e940c</signature>
            <flash>16384</flash>
            <flashPage>128</flashPage>
            <EEPROM>256</EEPROM>
            <RAM>512</RAM>
            <fuseBytes>3</fuseBytes>
            <eraseDelay>5</eraseDelay>
            <flashWriteDelay>5</flashWriteDelay>
            <EEPROMDelay>5</EEPROMDelay>
            <fuseDelay>5</fuseDelay>
        </Mega>
		
        <Mega id="m16hvb">
			<displayName>ATmega16HVB</displayName>
            <partNumber>ATmega16HVB</partNumber>
            <signature>1e940d</signature>
            <flash>16384</flash>
            <flashPage>128</flashPage>
            <EEPROM>512</EEPROM>
            <RAM>1024</RAM>
            <fuseBytes>2</fuseBytes>
            <eraseDelay>5</eraseDelay>
            <flashWriteDelay>5</flashWriteDelay>
            <EEPROMDelay>5</EEPROMDelay>
            <fuseDelay>5</fuseDelay>
        </Mega>

        <Mega id="m164a">
			<displayName>ATmega164A</displayName>
            <partNumber>ATmega164A</partNumber>
            <signature>1e940f</signature>
            <flash>16384</flash>
            <flashPage>128</flashPage>
            <EEPROM>512</EEPROM>
            <RAM>1024</RAM>
            <fuseBytes>3</fuseBytes>
            <eraseDelay>11</eraseDelay>
            <flashWriteDelay>3</flashWriteDelay>
            <EEPROMDelay>4</EEPROMDelay>
            <fuseDelay>5</fuseDelay>
        </Mega>

        <Mega id="m165a">
			<displayName>ATmega165A</displayName>
            <partNumber>ATmega165A</partNumber>
            <signature>1e9410</signature>
            <flash>16384</flash>
            <flashPage>128</flashPage>
            <EEPROM>512</EEPROM>
            <RAM>1024</RAM>
            <fuseBytes>3</fuseBytes>
            <eraseDelay>10</eraseDelay>
            <flashWriteDelay>5</flashWriteDelay>
            <EEPROMDelay>4</EEPROMDelay>
            <fuseDelay>5</fuseDelay>
        </Mega>

        <Mega id="m169a">
			<displayName>ATmega169A</displayName>
            <partNumber>ATmega169A</partNumber>
            <signature>1e9411</signature>
            <flash>16384</flash>
            <flashPage>128</flashPage>
            <EEPROM>512</EEPROM>
            <RAM>1024</RAM>
            <fuseBytes>3</fuseBytes>
            <eraseDelay>10</eraseDelay>
            <flashWriteDelay>5</flashWriteDelay>
            <EEPROMDelay>5</EEPROMDelay>
            <fuseDelay>5</fuseDelay>
        </Mega>

        <Mega id="m168pb">
			<displayName>ATmega168PB</displayName>
            <partNumber>ATmega168PB</partNumber>
            <signature>1e9415</signature>
            <flash>16384</flash>
            <flashPage>128</flashPage>
            <EEPROM>512</EEPROM>
            <RAM>1024</RAM>
            <fuseBytes>3</fuseBytes>
            <eraseDelay>11</eraseDelay>
            <flashWriteDelay>3</flashWriteDelay>
            <EEPROMDelay>4</EEPROMDelay>
            <fuseDelay>5</fuseDelay>
        </Mega>

        <Mega id="m16m">
			<displayName>ATmega16M1</displayName>
            <partNumber>ATmega16M1</partNumber>
            <signature>1e9484</signature>
            <flash>16384</flash>
            <flashPage>128</flashPage>
            <EEPROM>512</EEPROM>
            <RAM>1024</RAM>
            <fuseBytes>3</fuseBytes>
            <eraseDelay>10</eraseDelay>
            <flashWriteDelay>5</flashWriteDelay>
            <EEPROMDelay>4</EEPROMDelay>
            <fuseDelay>5</fuseDelay>
        </Mega>

        <Mega id="m16u4">
			<displayName>ATmega16U4</displayName>
            <partNumber>ATmega16U4</partNumber>
            <signature>1e9488</signature>
            <flash>16384</flash>
            <flashPage>128</flashPage>
            <EEPROM>512</EEPROM>
            <RAM>1280</RAM>
            <fuseBytes>3</fuseBytes>
            <eraseDelay>10</eraseDelay>
            <flashWriteDelay>5</flashWriteDelay>
            <EEPROMDelay>10</EEPROMDelay>
            <fuseDelay>5</fuseDelay>
        </Mega>

        <Mega id="m16u2">
			<displayName>ATmega16U2</displayName>
            <partNumber>ATmega16U2</partNumber>
            <signature>1e9489</signature>
            <flash>16384</flash>
            <flashPage>128</flashPage>
            <EEPROM>512</EEPROM>
            <RAM>512</RAM>
            <fuseBytes>3</fuseBytes>
            <eraseDelay>10</eraseDelay>
            <flashWriteDelay>5</flashWriteDelay>
            <EEPROMDelay>10</EEPROMDelay>
            <fuseDelay>5</fuseDelay>
        </Mega>

        <Mega id="m323">
            <displayName>ATmega323(L)</displayName>
			<partNumber>ATmega323</partNumber>
			<partNumber>ATmega323L</partNumber>
            <signature>1e9501</signature>
            <flash>32768</flash>
            <flashPage>128</flashPage>
            <EEPROM>1024</EEPROM>
            <RAM>2048</RAM>
            <fuseBytes>2</fuseBytes>
            <eraseDelay>33</eraseDelay>
            <flashWriteDelay>17</flashWriteDelay>
            <EEPROMDelay>5</EEPROMDelay>
            <fuseDelay>3</fuseDelay>
        </Mega>

        <Mega id="m32">
            <displayName>ATmega32(L)(A)</displayName>
			<partNumber>ATmega32</partNumber>
			<partNumber>ATmega32L</partNumber>
			<partNumber>ATmega32A</partNumber>
            <signature>1e9502</signature>
            <flash>32768</flash>
            <flashPage>128</flashPage>
            <EEPROM>1024</EEPROM>
            <RAM>2048</RAM>
            <fuseBytes>2</fuseBytes>
            <eraseDelay>10</eraseDelay>
            <flashWriteDelay>5</flashWriteDelay>
            <EEPROMDelay>10</EEPROMDelay>
            <fuseDelay>5</fuseDelay>
        </Mega>

        <Mega id="m329">
            <displayName>ATmega329(L)(A)</displayName>
			<partNumber>ATmega329</partNumber>
			<partNumber>ATmega329L</partNumber>
			<partNumber>ATmega329A</partNumber>
            <signature>1e9503</signature>
            <flash>32768</flash>
            <flashPage>128</flashPage>
            <EEPROM>1024</EEPROM>
            <RAM>2048</RAM>
            <fuseBytes>3</fuseBytes>
            <eraseDelay>10</eraseDelay>
            <flashWriteDelay>5</flashWriteDelay>
            <EEPROMDelay>10</EEPROMDelay>
            <fuseDelay>5</fuseDelay>
        </Mega>

        <Mega id="m3290">
            <displayName>ATmega3290(L)(A)</displayName>
			<partNumber>ATmega3290</partNumber>
			<partNumber>ATmega3290L</partNumber>
			<partNumber>ATmega3290A</partNumber>
            <signature>1e9504</signature>
            <flash>32768</flash>
            <flashPage>128</flashPage>
            <EEPROM>1024</EEPROM>
            <RAM>2048</RAM>
            <fuseBytes>3</fuseBytes>
            <eraseDelay>10</eraseDelay>
            <flashWriteDelay>5</flashWriteDelay>
            <EEPROMDelay>10</EEPROMDelay>
            <fuseDelay>5</fuseDelay>
        </Mega>

        <Mega id="m325">
            <displayName>ATmega325(L)(A)</displayName>
			<partNumber>ATmega325</partNumber>
			<partNumber>ATmega325L</partNumber>
			<partNumber>ATmega325A</partNumber>
            <signature>1e9505</signature>
            <flash>32768</flash>
            <flashPage>128</flashPage>
            <EEPROM>1024</EEPROM>
            <RAM>2048</RAM>
            <fuseBytes>3</fuseBytes>
            <eraseDelay>10</eraseDelay>
            <flashWriteDelay>5</flashWriteDelay>
            <EEPROMDelay>10</EEPROMDelay>
            <fuseDelay>5</fuseDelay>
        </Mega>

        <Mega id="m3250">
            <displayName>ATmega3250(L)(A)</displayName>
			<partNumber>ATmega3250</partNumber>
			<partNumber>ATmega3250L</partNumber>
			<partNumber>ATmega3250A</partNumber>
            <signature>1e9506</signature>
            <flash>32768</flash>
            <flashPage>128</flashPage>
            <EEPROM>1024</EEPROM>
            <RAM>2048</RAM>
            <fuseBytes>3</fuseBytes>
            <eraseDelay>10</eraseDelay>
            <flashWriteDelay>5</flashWriteDelay>
            <EEPROMDelay>10</EEPROMDelay>
            <fuseDelay>5</fuseDelay>
        </Mega>

        <Mega id="m324p">
            <displayName>ATmega324P(V)</displayName>
			<partNumber>ATmega324P</partNumber>
			<partNumber>ATmega324V</partNumber>
            <signature>1e9508</signature>
            <flash>32768</flash>
            <flashPage>128</flashPage>
            <EEPROM>1024</EEPROM>
            <RAM>2048</RAM>
            <fuseBytes>3</fuseBytes>
            <eraseDelay>11</eraseDelay>
            <flashWriteDelay>3</flashWriteDelay>
            <EEPROMDelay>4</EEPROMDelay>
            <fuseDelay>5</fuseDelay>
        </Mega>

        <Mega id="m329p">
            <displayName>ATmega329P(PA)</displayName>
			<partNumber>ATmega329P</partNumber>
			<partNumber>ATmega329PA</partNumber>
            <signature>1e950b</signature>
            <flash>32768</flash>
            <flashPage>128</flashPage>
            <EEPROM>1024</EEPROM>
            <RAM>2048</RAM>
            <fuseBytes>3</fuseBytes>
            <eraseDelay>10</eraseDelay>
            <flashWriteDelay>5</flashWriteDelay>
            <EEPROMDelay>10</EEPROMDelay>
            <fuseDelay>5</fuseDelay>
        </Mega>

        <Mega id="m3290p">
            <displayName>ATmega3290P(PA)</displayName>
			<partNumber>ATmega3290P</partNumber>
			<partNumber>ATmega3290PA</partNumber>
            <signature>1e950c</signature>
            <flash>32768</flash>
            <flashPage>128</flashPage>
            <EEPROM>1024</EEPROM>
            <RAM>2048</RAM>
            <fuseBytes>3</fuseBytes>
            <eraseDelay>10</eraseDelay>
            <flashWriteDelay>5</flashWriteDelay>
            <EEPROMDelay>10</EEPROMDelay>
            <fuseDelay>5</fuseDelay>
        </Mega>

        <Mega id="m325p">
            <displayName>ATmega325P(PA)</displayName>
			<partNumber>ATmega325P</partNumber>
			<partNumber>ATmega325PA</partNumber>
            <signature>1e950d</signature>
            <flash>32768</flash>
            <flashPage>128</flashPage>
            <EEPROM>1024</EEPROM>
            <RAM>2048</RAM>
            <fuseBytes>3</fuseBytes>
            <eraseDelay>10</eraseDelay>
            <flashWriteDelay>5</flashWriteDelay>
            <EEPROMDelay>10</EEPROMDelay>
            <fuseDelay>5</fuseDelay>
        </Mega>

        <Mega id="m3250p">
            <displayName>ATmega3250P(PA)</displayName>
			<partNumber>ATmega3250P</partNumber>
			<partNumber>ATmega3250PA</partNumber>
            <signature>1e950e</signature>
            <flash>32768</flash>
            <flashPage>128</flashPage>
            <EEPROM>1024</EEPROM>
            <RAM>2048</RAM>
            <fuseBytes>3</fuseBytes>
            <eraseDelay>10</eraseDelay>
            <flashWriteDelay>5</flashWriteDelay>
            <EEPROMDelay>10</EEPROMDelay>
            <fuseDelay>5</fuseDelay>
        </Mega>

        <Mega id="m328p">
			<displayName>ATmega328P</displayName>
            <partNumber>ATmega328P</partNumber>
            <signature>1e950f</signature>
            <flash>32768</flash>
            <flashPage>128</flashPage>
            <EEPROM>1024</EEPROM>
            <RAM>2048</RAM>
            <fuseBytes>3</fuseBytes>
            <eraseDelay>11</eraseDelay>
            <flashWriteDelay>5</flashWriteDelay>
            <EEPROMDelay>4</EEPROMDelay>
            <fuseDelay>5</fuseDelay>
        </Mega>

        <Mega id="m32h">
			<displayName>ATmega32HVB</displayName>
            <partNumber>ATmega32HVB</partNumber>
            <signature>1e9510</signature>
            <flash>32768</flash>
            <flashPage>128</flashPage>
            <EEPROM>1024</EEPROM>
            <RAM>2048</RAM>
            <fuseBytes>2</fuseBytes>
            <eraseDelay>5</eraseDelay>
            <flashWriteDelay>5</flashWriteDelay>
            <EEPROMDelay>5</EEPROMDelay>
            <fuseDelay>5</fuseDelay>
        </Mega>

        <Mega id="m324pa">
            <displayName>ATmega324PA(P-B)</displayName>
			<partNumber>ATmega324PA</partNumber>
			<partNumber>ATmega324P-B</partNumber>
            <signature>1e9511</signature>
            <flash>32768</flash>
            <flashPage>128</flashPage>
            <EEPROM>1024</EEPROM>
            <RAM>2048</RAM>
            <fuseBytes>3</fuseBytes>
            <eraseDelay>10</eraseDelay>
            <flashWriteDelay>5</flashWriteDelay>
            <EEPROMDelay>4</EEPROMDelay>
            <fuseDelay>5</fuseDelay>
        </Mega>

        <Mega id="m328">
			<displayName>ATmega328</displayName>
            <partNumber>ATmega328</partNumber>
            <signature>1e9514</signature>
            <flash>32768</flash>
            <flashPage>128</flashPage>
            <EEPROM>1024</EEPROM>
            <RAM>2048</RAM>
            <fuseBytes>3</fuseBytes>
            <eraseDelay>11</eraseDelay>
            <flashWriteDelay>5</flashWriteDelay>
            <EEPROMDelay>4</EEPROMDelay>
            <fuseDelay>5</fuseDelay>
        </Mega>

        <Mega id="m324a">
			<displayName>ATmega324A</displayName>
            <partNumber>ATmega324A</partNumber>
            <signature>1e9515</signature>
            <flash>32768</flash>
            <flashPage>128</flashPage>
            <EEPROM>1024</EEPROM>
            <RAM>2048</RAM>
            <fuseBytes>3</fuseBytes>
            <eraseDelay>11</eraseDelay>
            <flashWriteDelay>3</flashWriteDelay>
            <EEPROMDelay>4</EEPROMDelay>
            <fuseDelay>5</fuseDelay>
        </Mega>

        <Mega id="m328pb">
			<displayName>ATmega328PB</displayName>
            <partNumber>ATmega328PB</partNumber>
            <signature>1e9516</signature>
            <flash>32768</flash>
            <flashPage>128</flashPage>
            <EEPROM>1024</EEPROM>
            <RAM>2048</RAM>
            <fuseBytes>3</fuseBytes>
            <eraseDelay>10</eraseDelay>
            <flashWriteDelay>5</flashWriteDelay>
            <EEPROMDelay>4</EEPROMDelay>
            <fuseDelay>5</fuseDelay>
        </Mega>

        <Mega id="m324pb">
			<displayName>ATmega324PB</displayName>
            <partNumber>ATmega324PB</partNumber>
            <signature>1e9517</signature>
            <flash>32768</flash>
            <flashPage>128</flashPage>
            <EEPROM>1024</EEPROM>
            <RAM>2048</RAM>
            <fuseBytes>3</fuseBytes>
            <eraseDelay>11</eraseDelay>
            <flashWriteDelay>3</flashWriteDelay>
            <EEPROMDelay>4</EEPROMDelay>
            <fuseDelay>5</fuseDelay>
        </Mega>

        <Mega id="m32m">
			<displayName>ATmega32M1</displayName>
            <partNumber>ATmega32M1</partNumber>
            <signature>1e9584</signature>
            <flash>32768</flash>
            <flashPage>128</flashPage>
            <EEPROM>1024</EEPROM>
            <RAM>2048</RAM>
            <fuseBytes>3</fuseBytes>
            <eraseDelay>10</eraseDelay>
            <flashWriteDelay>5</flashWriteDelay>
            <EEPROMDelay>4</EEPROMDelay>
            <fuseDelay>5</fuseDelay>
        </Mega>

        <Mega id="m32c">
			<displayName>ATmega32C1</displayName>
            <partNumber>ATmega32C1</partNumber>
            <signature>1e9586</signature>
            <flash>32768</flash>
            <flashPage>128</flashPage>
            <EEPROM>1024</EEPROM>
            <RAM>2048</RAM>
            <fuseBytes>3</fuseBytes>
            <eraseDelay>10</eraseDelay>
            <flashWriteDelay>5</flashWriteDelay>
            <EEPROMDelay>4</EEPROMDelay>
            <fuseDelay>5</fuseDelay>
        </Mega>

        <Mega id="m32u4">
			<displayName>ATmega32U4</displayName>
            <partNumber>ATmega32U4</partNumber>
            <signature>1e9587</signature>
            <flash>32768</flash>
            <flashPage>128</flashPage>
            <EEPROM>1024</EEPROM>
            <RAM>2560</RAM>
            <fuseBytes>3</fuseBytes>
            <eraseDelay>10</eraseDelay>
            <flashWriteDelay>5</flashWriteDelay>
            <EEPROMDelay>10</EEPROMDelay>
            <fuseDelay>5</fuseDelay>
        </Mega>

        <Mega id="m32u2">
			<displayName>ATmega32U2</displayName>
            <partNumber>ATmega32U2</partNumber>
            <signature>1e958a</signature>
            <flash>32768</flash>
            <flashPage>128</flashPage>
            <EEPROM>1024</EEPROM>
            <RAM>1024</RAM>
            <fuseBytes>3</fuseBytes>
            <eraseDelay>10</eraseDelay>
            <flashWriteDelay>5</flashWriteDelay>
            <EEPROMDelay>10</EEPROMDelay>
            <fuseDelay>5</fuseDelay>
        </Mega>

        <Mega id="m64">
            <displayName>ATmega64(L)(A)</displayName>
			<partNumber>ATmega64</partNumber>
			<partNumber>ATmega64L</partNumber>
			<partNumber>ATmega64A</partNumber>
            <signature>1e9602</signature>
            <flash>65536</flash>
            <flashPage>256</flashPage>
            <EEPROM>2048</EEPROM>
            <RAM>4096</RAM>
            <fuseBytes>3</fuseBytes>
            <eraseDelay>10</eraseDelay>
            <flashWriteDelay>5</flashWriteDelay>
            <EEPROMDelay>10</EEPROMDelay>
            <fuseDelay>5</fuseDelay>
        </Mega>

        <Mega id="m649">
            <displayName>ATmega649(L)(A)</displayName>
			<partNumber>ATmega649</partNumber>
			<partNumber>ATmega649L</partNumber>
			<partNumber>ATmega649A</partNumber>
            <signature>1e9603</signature>
            <flash>65536</flash>
            <flashPage>256</flashPage>
            <EEPROM>2048</EEPROM>
            <RAM>4096</RAM>
            <fuseBytes>3</fuseBytes>
            <eraseDelay>10</eraseDelay>
            <flashWriteDelay>5</flashWriteDelay>
            <EEPROMDelay>10</EEPROMDelay>
            <fuseDelay>5</fuseDelay>
        </Mega>

        <Mega id="m6490">
            <displayName>ATmega6490(L)(A)</displayName>
			<partNumber>ATmega6490</partNumber>
			<partNumber>ATmega6490L</partNumber>
			<partNumber>ATmega6490A</partNumber>
            <signature>1e9604</signature>
            <flash>65536</flash>
            <flashPage>256</flashPage>
            <EEPROM>2048</EEPROM>
            <RAM>4096</RAM>
            <fuseBytes>3</fuseBytes>
            <eraseDelay>10</eraseDelay>
            <flashWriteDelay>5</flashWriteDelay>
            <EEPROMDelay>10</EEPROMDelay>
            <fuseDelay>5</fuseDelay>
        </Mega>

        <Mega id="m645">
            <displayName>ATmega645(L)(A)</displayName>
			<partNumber>ATmega645</partNumber>
			<partNumber>ATmega645L</partNumber>
			<partNumber>ATmega645A</partNumber>
            <signature>1e9605</signature>
            <flash>65536</flash>
            <flashPage>256</flashPage>
            <EEPROM>2048</EEPROM>
            <RAM>4096</RAM>
            <fuseBytes>3</fuseBytes>
            <eraseDelay>10</eraseDelay>
            <flashWriteDelay>5</flashWriteDelay>
            <EEPROMDelay>10</EEPROMDelay>
            <fuseDelay>5</fuseDelay>
        </Mega>

        <Mega id="m6450">
            <displayName>ATmega6450(L)(A)</displayName>
			<partNumber>ATmega6450</partNumber>
			<partNumber>ATmega6450L</partNumber>
			<partNumber>ATmega6450A</partNumber>
            <signature>1e9606</signature>
            <flash>65536</flash>
            <flashPage>256</flashPage>
            <EEPROM>2048</EEPROM>
            <RAM>4096</RAM>
            <fuseBytes>3</fuseBytes>
            <eraseDelay>10</eraseDelay>
            <flashWriteDelay>5</flashWriteDelay>
            <EEPROMDelay>10</EEPROMDelay>
            <fuseDelay>5</fuseDelay>
        </Mega>

        <Mega id="m640">
            <displayName>ATmega640(V)</displayName>
			<partNumber>ATmega640</partNumber>
			<partNumber>ATmega640V</partNumber>
            <signature>1e9608</signature>
            <flash>65536</flash>
            <flashPage>256</flashPage>
            <EEPROM>4096</EEPROM>
            <RAM>8192</RAM>
            <fuseBytes>3</fuseBytes>
            <eraseDelay>10</eraseDelay>
            <flashWriteDelay>5</flashWriteDelay>
            <EEPROMDelay>4</EEPROMDelay>
            <fuseDelay>5</fuseDelay>
        </Mega>

        <Mega id="m644">
            <displayName>ATmega644(A)(V)</displayName>
			<partNumber>ATmega644</partNumber>
			<partNumber>ATmega644A</partNumber>
			<partNumber>ATmega644V</partNumber>
            <signature>1e9609</signature>
            <flash>65536</flash>
            <flashPage>256</flashPage>
            <EEPROM>2048</EEPROM>
            <RAM>4096</RAM>
            <fuseBytes>3</fuseBytes>
            <eraseDelay>10</eraseDelay>
            <flashWriteDelay>5</flashWriteDelay>
            <EEPROMDelay>10</EEPROMDelay>
            <fuseDelay>5</fuseDelay>
        </Mega>

        <Mega id="m644p">
            <displayName>ATmega644P(PA)(P-B)</displayName>
			<partNumber>ATmega644P</partNumber>
			<partNumber>ATmega644PA</partNumber>
			<partNumber>ATmega644P-B</partNumber>
            <signature>1e960a</signature>
            <flash>65536</flash>
            <flashPage>256</flashPage>
            <EEPROM>2048</EEPROM>
            <RAM>4096</RAM>
            <fuseBytes>3</fuseBytes>
            <eraseDelay>11</eraseDelay>
            <flashWriteDelay>5</flashWriteDelay>
            <EEPROMDelay>4</EEPROMDelay>
            <fuseDelay>5</fuseDelay>
        </Mega>

        <Mega id="m649p">
			<displayName>ATmega649P</displayName>
            <partNumber>ATmega649P</partNumber>
            <signature>1e960b</signature>
            <flash>65536</flash>
            <flashPage>256</flashPage>
            <EEPROM>2048</EEPROM>
            <RAM>4096</RAM>
            <fuseBytes>3</fuseBytes>
            <eraseDelay>10</eraseDelay>
            <flashWriteDelay>5</flashWriteDelay>
            <EEPROMDelay>10</EEPROMDelay>
            <fuseDelay>5</fuseDelay>
        </Mega>

        <Mega id="m6490p">
			<displayName>ATmega6490P</displayName>
            <partNumber>ATmega6490P</partNumber>
            <signature>1e960c</signature>
            <flash>65536</flash>
            <flashPage>256</flashPage>
            <EEPROM>2048</EEPROM>
            <RAM>4096</RAM>
            <fuseBytes>3</fuseBytes>
            <eraseDelay>10</eraseDelay>
            <flashWriteDelay>5</flashWriteDelay>
            <EEPROMDelay>10</EEPROMDelay>
            <fuseDelay>5</fuseDelay>
        </Mega>

        <Mega id="m645p">
			<displayName>ATmega645P</displayName>
            <partNumber>ATmega645P</partNumber>
            <signature>1e960d</signature>
            <flash>65536</flash>
            <flashPage>256</flashPage>
            <EEPROM>2048</EEPROM>
            <RAM>4096</RAM>
            <fuseBytes>3</fuseBytes>
            <eraseDelay>10</eraseDelay>
            <flashWriteDelay>5</flashWriteDelay>
            <EEPROMDelay>4</EEPROMDelay>
            <fuseDelay>5</fuseDelay>
        </Mega>

        <Mega id="m6450p">
			<displayName>ATmega6450P</displayName>
            <partNumber>ATmega6450P</partNumber>
            <signature>1e960e</signature>
            <flash>65536</flash>
            <flashPage>256</flashPage>
            <EEPROM>2048</EEPROM>
            <RAM>4096</RAM>
            <fuseBytes>3</fuseBytes>
            <eraseDelay>10</eraseDelay>
            <flashWriteDelay>5</flashWriteDelay>
            <EEPROMDelay>4</EEPROMDelay>
            <fuseDelay>5</fuseDelay>
        </Mega>

        <Mega id="m64m">
			<displayName>ATmega64M1</displayName>
            <partNumber>ATmega64M1</partNumber>
            <signature>1e9684</signature>
            <flash>65536</flash>
            <flashPage>256</flashPage>
            <EEPROM>2048</EEPROM>
            <RAM>4096</RAM>
            <fuseBytes>3</fuseBytes>
            <eraseDelay>10</eraseDelay>
            <flashWriteDelay>5</flashWriteDelay>
            <EEPROMDelay>4</EEPROMDelay>
            <fuseDelay>5</fuseDelay>
        </Mega>

        <Mega id="m64c">
			<displayName>ATmega64C1</displayName>
            <partNumber>ATmega64C1</partNumber>
            <signature>1e9686</signature>
            <flash>65536</flash>
            <flashPage>256</flashPage>
            <EEPROM>2048</EEPROM>
            <RAM>4096</RAM>
            <fuseBytes>3</fuseBytes>
            <eraseDelay>10</eraseDelay>
            <flashWriteDelay>5</flashWriteDelay>
            <EEPROMDelay>4</EEPROMDelay>
            <fuseDelay>5</fuseDelay>
        </Mega>

        <Mega id="m103">
            <displayName>ATmega103(L)</displayName>
			<partNumber>ATmega103</partNumber>
			<partNumber>ATmega103L</partNumber>
            <signature>1e9701</signature>
            <flash>131072</flash>
            <flashPage>256</flashPage>
            <EEPROM>4096</EEPROM>
            <RAM>4096</RAM>
            <fuseBytes>1</fuseBytes>
            <eraseDelay>60</eraseDelay>
            <flashWriteDelay>56</flashWriteDelay>
            <EEPROMDelay>10</EEPROMDelay>
            <fuseDelay>10</fuseDelay>
        </Mega>

        <Mega id="m128">
            <displayName>ATmega128(L)(A)</displayName>
			<partNumber>ATmega128</partNumber>
			<partNumber>ATmega128L</partNumber>
			<partNumber>ATmega128A</partNumber>
            <signature>1e9702</signature>
            <flash>131072</flash>
            <flashPage>256</flashPage>
            <EEPROM>4096</EEPROM>
            <RAM>4096</RAM>
            <fuseBytes>3</fuseBytes>
            <eraseDelay>11</eraseDelay>
            <flashWriteDelay>6</flashWriteDelay>
            <EEPROMDelay>11</EEPROMDelay>
            <fuseDelay>5</fuseDelay>
        </Mega>

        <Mega id="m1280">
            <displayName>ATmega1280(V)</displayName>
			<partNumber>ATmega1280</partNumber>
			<partNumber>ATmega1280V</partNumber>
            <signature>1e9703</signature>
            <flash>131072</flash>
            <flashPage>256</flashPage>
            <EEPROM>4096</EEPROM>
            <RAM>8192</RAM>
            <fuseBytes>3</fuseBytes>
            <eraseDelay>10</eraseDelay>
            <flashWriteDelay>5</flashWriteDelay>
            <EEPROMDelay>4</EEPROMDelay>
            <fuseDelay>5</fuseDelay>
        </Mega>

        <Mega id="m1281">
            <displayName>ATmega1281(V)</displayName>
			<partNumber>ATmega1281</partNumber>
			<partNumber>ATmega1281V</partNumber>
            <signature>1e9704</signature>
            <flash>131072</flash>
            <flashPage>256</flashPage>
            <EEPROM>4096</EEPROM>
            <RAM>8192</RAM>
            <fuseBytes>3</fuseBytes>
            <eraseDelay>10</eraseDelay>
            <flashWriteDelay>5</flashWriteDelay>
            <EEPROMDelay>4</EEPROMDelay>
            <fuseDelay>5</fuseDelay>
        </Mega>

        <Mega id="m1284p">
			<displayName>ATmega1284P</displayName>
            <partNumber>ATmega1284P</partNumber>
            <signature>1e9705</signature>
            <flash>131072</flash>
            <flashPage>256</flashPage>
            <EEPROM>4096</EEPROM>
            <RAM>16384</RAM>
            <fuseBytes>3</fuseBytes>
            <eraseDelay>11</eraseDelay>
            <flashWriteDelay>3</flashWriteDelay>
            <EEPROMDelay>4</EEPROMDelay>
            <fuseDelay>5</fuseDelay>
        </Mega>

        <Mega id="m1284">
			<displayName>ATmega1284</displayName>
            <partNumber>ATmega1284</partNumber>
            <signature>1e9706</signature>
            <flash>131072</flash>
            <flashPage>256</flashPage>
            <EEPROM>4096</EEPROM>
            <RAM>16384</RAM>
            <fuseBytes>3</fuseBytes>
            <eraseDelay>11</eraseDelay>
            <flashWriteDelay>3</flashWriteDelay>
            <EEPROMDelay>4</EEPROMDelay>
            <fuseDelay>5</fuseDelay>
        </Mega>

        <Mega id="m2560">
            <displayName>ATmega2560(V)</displayName>
			<partNumber>ATmega2560</partNumber>
			<partNumber>ATmega2560V</partNumber>
            <signature>1e9801</signature>
            <flash>262144</flash>
            <flashPage>256</flashPage>
            <EEPROM>4096</EEPROM>
            <RAM>8192</RAM>
            <fuseBytes>3</fuseBytes>
            <eraseDelay>10</eraseDelay>
            <flashWriteDelay>5</flashWriteDelay>
            <EEPROMDelay>4</EEPROMDelay>
            <fuseDelay>5</fuseDelay>
        </Mega>

        <Mega id="m2561">
            <displayName>ATmega2561(V)</displayName>
			<partNumber>ATmega2561</partNumber>
			<partNumber>ATmega2561V</partNumber>
            <signature>1e9802</signature>
            <flash>262144</flash>
            <flashPage>256</flashPage>
            <EEPROM>4096</EEPROM>
            <RAM>8192</RAM>
            <fuseBytes>3</fuseBytes>
            <eraseDelay>10</eraseDelay>
            <flashWriteDelay>5</flashWriteDelay>
            <EEPROMDelay>4</EEPROMDelay>
            <fuseDelay>5</fuseDelay>
        </Mega>

        <Mega id="m128rfa1">
			<displayName>ATmega128RFA1</displayName>
            <partNumber>ATmega128RFA1</partNumber>
            <signature>1ea701</signature>
            <flash>131072</flash>
            <flashPage>256</flashPage>
            <EEPROM>4096</EEPROM>
            <RAM>16384</RAM>
            <fuseBytes>3</fuseBytes>
            <eraseDelay>20</eraseDelay>
            <flashWriteDelay>5</flashWriteDelay>
            <EEPROMDelay>14</EEPROMDelay>
            <fuseDelay>5</fuseDelay>
        </Mega>
		
		<Mega id="m64rfr2">
			<displayName>Atmega64RFR2</displayName>
            <partNumber>Atmega64RFR2</partNumber>
            <signature>1ea602</signature>
            <flash>65536</flash>
            <flashPage>256</flashPage>
            <EEPROM>2048</EEPROM>
            <RAM>8192</RAM>
            <fuseBytes>3</fuseBytes>
            <eraseDelay>20</eraseDelay>
            <flashWriteDelay>5</flashWriteDelay>
            <EEPROMDelay>14</EEPROMDelay>
            <fuseDelay>5</fuseDelay>
        </Mega>
		
		<Mega id="m644rfr2">
			<displayName>Atmega644RFR2</displayName>
            <partNumber>Atmega644RFR2</partNumber>
            <signature>1ea603</signature>
            <flash>65536</flash>
            <flashPage>256</flashPage>
            <EEPROM>2048</EEPROM>
            <RAM>8192</RAM>
            <fuseBytes>3</fuseBytes>
            <eraseDelay>20</eraseDelay>
            <flashWriteDelay>5</flashWriteDelay>
            <EEPROMDelay>14</EEPROMDelay>
            <fuseDelay>5</fuseDelay>
        </Mega>
		
		<Mega id="m128rfr2">
			<displayName>ATmega128RFR2</displayName>
            <partNumber>ATmega128RFR2</partNumber>
            <signature>1ea702</signature>
            <flash>131072</flash>
            <flashPage>256</flashPage>
            <EEPROM>4096</EEPROM>
            <RAM>16384</RAM>
            <fuseBytes>3</fuseBytes>
            <eraseDelay>20</eraseDelay>
            <flashWriteDelay>5</flashWriteDelay>
            <EEPROMDelay>14</EEPROMDelay>
            <fuseDelay>5</fuseDelay>
        </Mega>
		
		<Mega id="m1284rfr2">
			<displayName>ATmega1284RFR2</displayName>
            <partNumber>ATmega1284RFR2</partNumber>
            <signature>1ea703</signature>
            <flash>131072</flash>
            <flashPage>256</flashPage>
            <EEPROM>4096</EEPROM>
            <RAM>16384</RAM>
            <fuseBytes>3</fuseBytes>
            <eraseDelay>20</eraseDelay>
            <flashWriteDelay>5</flashWriteDelay>
            <EEPROMDelay>14</EEPROMDelay>
            <fuseDelay>5</fuseDelay>
        </Mega>
		
		<Mega id="m256rfr2">
			<displayName>ATmega256RFR2</displayName>
            <partNumber>ATmega256RFR2</partNumber>
            <signature>1ea802</signature>
            <flash>262144</flash>
            <flashPage>256</flashPage>
            <EEPROM>8192</EEPROM>
            <RAM>32768</RAM>
            <fuseBytes>3</fuseBytes>
            <eraseDelay>20</eraseDelay>
            <flashWriteDelay>5</flashWriteDelay>
            <EEPROMDelay>14</EEPROMDelay>
            <fuseDelay>5</fuseDelay>
        </Mega>
		
		<Mega id="m2564rfr2">
			<displayName>ATmega2564RFR2</displayName>
            <partNumber>ATmega2564RFR2</partNumber>
            <signature>1ea803</signature>
            <flash>262144</flash>
            <flashPage>256</flashPage>
            <EEPROM>8192</EEPROM>
            <RAM>32768</RAM>
            <fuseBytes>3</fuseBytes>
            <eraseDelay>20</eraseDelay>
            <flashWriteDelay>5</flashWriteDelay>
            <EEPROMDelay>14</EEPROMDelay>
            <fuseDelay>5</fuseDelay>
        </Mega>

        <Tiny id="t15">
			<displayName>ATtiny15L</displayName>
            <partNumber>ATtiny15L</partNumber>
            <signature>1e9006</signature>
            <flash>1024</flash>
            <flashPage>1</flashPage>
            <EEPROM>64</EEPROM>
            <RAM>64</RAM>
            <fuseBytes>1</fuseBytes>
            <eraseDelay>10</eraseDelay>
            <flashWriteDelay>5</flashWriteDelay>
            <EEPROMDelay>9</EEPROMDelay>
            <fuseDelay>10</fuseDelay>
        </Tiny>

        <Tiny id="t13">
            <displayName>ATtiny13(A)(V)</displayName>
			<partNumber>ATtiny13</partNumber>
			<partNumber>ATtiny13A</partNumber>
			<partNumber>ATtiny13V</partNumber>
            <signature>1e9007</signature>
            <flash>1024</flash>
            <flashPage>32</flashPage>
            <EEPROM>64</EEPROM>
            <RAM>64</RAM>
            <fuseBytes>2</fuseBytes>
            <eraseDelay>10</eraseDelay>
            <flashWriteDelay>5</flashWriteDelay>
            <EEPROMDelay>5</EEPROMDelay>
            <fuseDelay>5</fuseDelay>
        </Tiny>

        <Tiny id="t25">
            <displayName>ATtiny25(V)</displayName>
			<partNumber>ATtiny25</partNumber>
			<partNumber>ATtiny25V</partNumber>
            <signature>1e9108</signature>
            <flash>2048</flash>
            <flashPage>32</flashPage>
            <EEPROM>128</EEPROM>
            <RAM>128</RAM>
            <fuseBytes>3</fuseBytes>
            <eraseDelay>10</eraseDelay>
            <flashWriteDelay>5</flashWriteDelay>
            <EEPROMDelay>5</EEPROMDelay>
            <fuseDelay>5</fuseDelay>
        </Tiny>

        <Tiny id="t26">
            <displayName>ATtiny26(L)</displayName>
			<partNumber>ATtiny26</partNumber>
			<partNumber>ATtiny26L</partNumber>
            <signature>1e9109</signature>
            <flash>2048</flash>
            <flashPage>32</flashPage>
            <EEPROM>128</EEPROM>
            <RAM>128</RAM>
            <fuseBytes>2</fuseBytes>
            <eraseDelay>10</eraseDelay>
            <flashWriteDelay>5</flashWriteDelay>
            <EEPROMDelay>10</EEPROMDelay>
            <fuseDelay>5</fuseDelay>
        </Tiny>

        <Tiny id="t2313">
            <displayName>ATtiny2313(A)(V)</displayName>
			<partNumber>ATtiny2313</partNumber>
			<partNumber>ATtiny2313A</partNumber>
			<partNumber>ATtiny2313V</partNumber>
            <signature>1e910a</signature>
            <flash>2048</flash>
            <flashPage>32</flashPage>
            <EEPROM>128</EEPROM>
            <RAM>128</RAM>
            <fuseBytes>3</fuseBytes>
            <eraseDelay>10</eraseDelay>
            <flashWriteDelay>5</flashWriteDelay>
            <EEPROMDelay>5</EEPROMDelay>
            <fuseDelay>5</fuseDelay>
        </Tiny>

        <Tiny id="t24">
            <displayName>ATtiny24(A)</displayName>
			<partNumber>ATtiny24</partNumber>
			<partNumber>ATtiny24A</partNumber>
            <signature>1e910b</signature>
            <flash>2048</flash>
            <flashPage>32</flashPage>
            <EEPROM>128</EEPROM>
            <RAM>128</RAM>
            <fuseBytes>3</fuseBytes>
            <eraseDelay>10</eraseDelay>
            <flashWriteDelay>5</flashWriteDelay>
            <EEPROMDelay>5</EEPROMDelay>
            <fuseDelay>5</fuseDelay>
        </Tiny>

        <Tiny id="t261">
            <displayName>ATtiny261(A)(V)</displayName>
			<partNumber>ATtiny261</partNumber>
			<partNumber>ATtiny261A</partNumber>
			<partNumber>ATtiny261V</partNumber>
            <signature>1e910c</signature>
            <flash>2048</flash>
            <flashPage>32</flashPage>
            <EEPROM>128</EEPROM>
            <RAM>128</RAM>
            <fuseBytes>3</fuseBytes>
            <eraseDelay>10</eraseDelay>
            <flashWriteDelay>5</flashWriteDelay>
            <EEPROMDelay>5</EEPROMDelay>
            <fuseDelay>5</fuseDelay>
        </Tiny>

        <Tiny id="t45">
            <displayName>ATtiny45(V)</displayName>
			<partNumber>ATtiny45</partNumber>
			<partNumber>ATtiny45V</partNumber>
            <signature>1e9206</signature>
            <flash>4096</flash>
            <flashPage>64</flashPage>
            <EEPROM>256</EEPROM>
            <RAM>256</RAM>
            <fuseBytes>3</fuseBytes>
            <eraseDelay>10</eraseDelay>
            <flashWriteDelay>5</flashWriteDelay>
            <EEPROMDelay>5</EEPROMDelay>
            <fuseDelay>5</fuseDelay>
        </Tiny>

        <Tiny id="t44">
            <displayName>ATtiny44(A)</displayName>
			<partNumber>ATtiny44</partNumber>
			<partNumber>ATtiny44A</partNumber>
            <signature>1e9207</signature>
            <flash>4096</flash>
            <flashPage>64</flashPage>
            <EEPROM>256</EEPROM>
            <RAM>256</RAM>
            <fuseBytes>3</fuseBytes>
            <eraseDelay>10</eraseDelay>
            <flashWriteDelay>5</flashWriteDelay>
            <EEPROMDelay>5</EEPROMDelay>
            <fuseDelay>5</fuseDelay>
        </Tiny>

        <Tiny id="t461">
            <displayName>ATtiny461(A)(V)</displayName>
			<partNumber>ATtiny461</partNumber>
			<partNumber>ATtiny461A</partNumber>
			<partNumber>ATtiny461V</partNumber>
            <signature>1e9208</signature>
            <flash>4096</flash>
            <flashPage>64</flashPage>
            <EEPROM>256</EEPROM>
            <RAM>256</RAM>
            <fuseBytes>3</fuseBytes>
            <eraseDelay>10</eraseDelay>
            <flashWriteDelay>5</flashWriteDelay>
            <EEPROMDelay>5</EEPROMDelay>
            <fuseDelay>5</fuseDelay>
        </Tiny>

        <Tiny id="t48">
			<displayName>ATtiny48</displayName>
            <partNumber>ATtiny48</partNumber>
            <signature>1e9209</signature>
            <flash>4096</flash>
            <flashPage>64</flashPage>
            <EEPROM>64</EEPROM>
            <RAM>256</RAM>
            <fuseBytes>3</fuseBytes>
            <eraseDelay>10</eraseDelay>
            <flashWriteDelay>5</flashWriteDelay>
            <EEPROMDelay>4</EEPROMDelay>
            <fuseDelay>5</fuseDelay>
        </Tiny>

        <Tiny id="t43u">
			<displayName>ATtiny43U</displayName>
            <partNumber>ATtiny43U</partNumber>
            <signature>1e920c</signature>
            <flash>4096</flash>
            <flashPage>64</flashPage>
            <EEPROM>64</EEPROM>
            <RAM>256</RAM>
            <fuseBytes>3</fuseBytes>
            <eraseDelay>10</eraseDelay>
            <flashWriteDelay>5</flashWriteDelay>
            <EEPROMDelay>5</EEPROMDelay>
            <fuseDelay>5</fuseDelay>
        </Tiny>

        <Tiny id="t4313">
			<displayName>ATtiny4313</displayName>
            <partNumber>ATtiny4313</partNumber>
            <signature>1e920d</signature>
            <flash>4096</flash>
            <flashPage>64</flashPage>
            <EEPROM>256</EEPROM>
            <RAM>256</RAM>
            <fuseBytes>3</fuseBytes>
            <eraseDelay>10</eraseDelay>
            <flashWriteDelay>5</flashWriteDelay>
            <EEPROMDelay>5</EEPROMDelay>
            <fuseDelay>5</fuseDelay>
        </Tiny>

        <Tiny id="t441">
			<displayName>ATtiny441</displayName>
            <partNumber>ATtiny441</partNumber>
            <signature>1e9215</signature>
            <flash>4096</flash>
            <flashPage>16</flashPage>
            <EEPROM>256</EEPROM>
            <RAM>256</RAM>
            <fuseBytes>3</fuseBytes>
            <eraseDelay>10</eraseDelay>
            <flashWriteDelay>5</flashWriteDelay>
            <EEPROMDelay>4</EEPROMDelay>
            <fuseDelay>5</fuseDelay>
        </Tiny>

        <Tiny id="t85">
            <displayName>ATtiny85(V)</displayName>
			<partNumber>ATtiny85</partNumber>
			<partNumber>ATtiny85V</partNumber>
            <signature>1e930b</signature>
            <flash>8192</flash>
            <flashPage>64</flashPage>
            <EEPROM>512</EEPROM>
            <RAM>512</RAM>
            <fuseBytes>3</fuseBytes>
            <eraseDelay>10</eraseDelay>
            <flashWriteDelay>5</flashWriteDelay>
            <EEPROMDelay>5</EEPROMDelay>
            <fuseDelay>5</fuseDelay>
        </Tiny>

        <Tiny id="t84">
            <displayName>ATtiny84(A)</displayName>
			<partNumber>ATtiny84</partNumber>
			<partNumber>ATtiny84A</partNumber>
            <signature>1e930c</signature>
            <flash>8192</flash>
            <flashPage>64</flashPage>
            <EEPROM>512</EEPROM>
            <RAM>512</RAM>
            <fuseBytes>3</fuseBytes>
            <eraseDelay>10</eraseDelay>
            <flashWriteDelay>5</flashWriteDelay>
            <EEPROMDelay>5</EEPROMDelay>
            <fuseDelay>5</fuseDelay>
        </Tiny>

        <Tiny id="t861">
            <displayName>ATtiny861(A)(V)</displayName>
			<partNumber>ATtiny861</partNumber>
			<partNumber>ATtiny861A</partNumber>
			<partNumber>ATtiny861V</partNumber>
            <signature>1e930d</signature>
            <flash>8192</flash>
            <flashPage>64</flashPage>
            <EEPROM>512</EEPROM>
            <RAM>512</RAM>
            <fuseBytes>3</fuseBytes>
            <eraseDelay>10</eraseDelay>
            <flashWriteDelay>5</flashWriteDelay>
            <EEPROMDelay>5</EEPROMDelay>
            <fuseDelay>5</fuseDelay>
        </Tiny>

        <Tiny id="t88">
			<displayName>ATtiny88</displayName>
            <partNumber>ATtiny88</partNumber>
            <signature>1e9311</signature>
            <flash>8192</flash>
            <flashPage>64</flashPage>
            <EEPROM>64</EEPROM>
            <RAM>512</RAM>
            <fuseBytes>3</fuseBytes>
            <eraseDelay>10</eraseDelay>
            <flashWriteDelay>5</flashWriteDelay>
            <EEPROMDelay>4</EEPROMDelay>
            <fuseDelay>5</fuseDelay>
        </Tiny>

        <Tiny id="t828">
			<displayName>ATtiny828</displayName>
            <partNumber>ATtiny828</partNumber>
            <signature>1e9314</signature>
            <flash>8192</flash>
            <flashPage>64</flashPage>
            <EEPROM>256</EEPROM>
            <RAM>512</RAM>
            <fuseBytes>3</fuseBytes>
            <eraseDelay>10</eraseDelay>
            <flashWriteDelay>5</flashWriteDelay>
            <EEPROMDelay>4</EEPROMDelay>
            <fuseDelay>5</fuseDelay>
        </Tiny>

        <Tiny id="t841">
			<displayName>ATtiny841</displayName>
            <partNumber>ATtiny841</partNumber>
            <signature>1e9315</signature>
            <flash>8192</flash>
            <flashPage>16</flashPage>
            <EEPROM>512</EEPROM>
            <RAM>512</RAM>
            <fuseBytes>3</fuseBytes>
            <eraseDelay>10</eraseDelay>
            <flashWriteDelay>5</flashWriteDelay>
            <EEPROMDelay>4</EEPROMDelay>
            <fuseDelay>5</fuseDelay>
        </Tiny>

        <Tiny id="t87">
			<displayName>ATtiny87</displayName>
            <partNumber>ATtiny87</partNumber>
            <signature>1e9387</signature>
            <flash>8192</flash>
            <flashPage>128</flashPage>
            <EEPROM>512</EEPROM>
            <RAM>512</RAM>
            <fuseBytes>3</fuseBytes>
            <eraseDelay>10</eraseDelay>
            <flashWriteDelay>5</flashWriteDelay>
            <EEPROMDelay>5</EEPROMDelay>
            <fuseDelay>5</fuseDelay>
        </Tiny>

        <Tiny id="t1634">
			<displayName>ATtiny1634</displayName>
            <partNumber>ATtiny1634</partNumber>
            <signature>1e9412</signature>
            <flash>16384</flash>
            <flashPage>32</flashPage>
            <EEPROM>256</EEPROM>
            <RAM>1024</RAM>
            <fuseBytes>3</fuseBytes>
            <eraseDelay>10</eraseDelay>
            <flashWriteDelay>5</flashWriteDelay>
            <EEPROMDelay>4</EEPROMDelay>
            <fuseDelay>5</fuseDelay>
        </Tiny>

        <Tiny id="t167">
			<displayName>ATtiny167</displayName>
            <partNumber>ATtiny167</partNumber>
            <signature>1e9487</signature>
            <flash>16384</flash>
            <flashPage>128</flashPage>
            <EEPROM>512</EEPROM>
            <RAM>512</RAM>
            <fuseBytes>3</fuseBytes>
            <eraseDelay>10</eraseDelay>
            <flashWriteDelay>5</flashWriteDelay>
            <EEPROMDelay>5</EEPROMDelay>
            <fuseDelay>5</fuseDelay>
        </Tiny>


    </AVR>

</MCU>